Name,Age,Time
Emil Stoynev,24,6954999.99999998
Mihail Mihajlov,20,7566000.00000001
Dimitar Mihaylov,38,7760999.99999999
minko banchev,31,7894000.00000001
Dimiter Karabahchiev,39,8102000.00000002
Peter Matov,26,8427999.99999999
Ivelin Penchev,26,8614000.00000001
Momchil Kinov,32,8795999.99999999
Konstantin Bujukliev,38,9046000.00000001
Kalin Vezhdarov,35,9164999.99999999
Nikolay Kasakov,29,9337000
Dobromir Dobrev,30,9496000.00000001
Dimiter Velev,35,9508000
Anton Georgiev,22,9609999.99999998
Borislav Kamilov,32,9622000.00000001
Nikolaj Najdenov,27,9721000.00000001
Ivanko Ivanov,19,9987999.99999998
Ivan Aleksandrov,29,10209000
Nikolay Kitanov,36,10529000
Borislav Nikolov,23,10657000
Dimitar Dimitrov,29,10724000
Vladimir Bo탑inov,33,10800000
Vasil Katsarov,36,10895000
Antony Stoyanov,29,11015000
Ilyan Todorov,36,11246000
Milen Tanev,30,11489000
Victor Hristov,30,11518000
Javor Lazarov,32,11684000
Vasil Bankovski,27,11802000
Kolyo Peev,27,11901000
Todor Brailski,30,11937000
Hristo Radionov,33,12086000
Mariyan Genov,34,12190000
Samuil Velinov,26,12425000
Georgi Abad탑iev,30,12454000
Pavel Tsokov,30,12481000
Venzi Kalbanov,27,12700000
Jordan Dinkov,30,12762000
Marin Naydenov,36,12763000
Stoyan Peev,28,12885000
Petko Radionov,36,12973000
Angel Grozev,31,13065000
Ventsislav Gashev,38,13508000
Venelin Sjarov,38,13619000
Svetoslav Stoyanov,36,13622000
Ivajlo Do훾kov,33,14181000
Svetlin Gen훾ev,34,14497000
Janko Stefanov,29,15163000
Ivan Mustakichev,34,15299000
Yuliyan Ignatov,27,15577000
Lyubomir Krastev,28,15594000
Damyan Yordanov,31,15594000
Aleksander Kasabov,34,16681000
Nikola Traykov,30,16757000
Naj Den,30,16939000
Aram Hazikian,38,17280000
Mario Aleksiev,29,18325000